"Date","Price","Open","High","Low","Vol.","Change %"
"09/02/2024","110.4215","110.3242","110.4215","110.3242","","0.09%"
"09/01/2024","110.3242","110.3242","110.3242","110.3242","","0.15%"
"08/30/2024","110.1629","110.9500","110.9500","106.3108","","-0.01%"
"08/29/2024","110.1685","110.1513","111.0843","110.0757","","0.02%"
"08/28/2024","110.1513","111.3042","111.3042","110.1513","","-1.05%"
"08/27/2024","111.3210","113.6483","113.6483","111.2501","","0.28%"
"08/26/2024","111.0140","110.9495","111.0677","110.8958","","0.06%"
"08/23/2024","110.9495","109.2523","110.9495","109.0370","","1.55%"
"08/22/2024","109.2523","109.2523","109.2523","109.0000","","0.00%"
"08/21/2024","109.2523","109.0843","110.0000","109.0843","","0.15%"
"08/20/2024","109.0843","109.0843","109.0897","109.0316","","0.00%"
"08/19/2024","109.0843","109.4410","109.4410","109.0316","","-0.33%"
"08/16/2024","109.4410","109.4410","109.4410","109.4410","","0.00%"
"08/15/2024","109.4410","110.2596","110.6003","109.1003","","-0.74%"
"08/14/2024","110.2596","110.2596","110.2703","110.1513","","0.00%"
"08/13/2024","110.2596","103.6639","110.2705","103.6639","","6.32%"
"08/12/2024","103.7100","103.1196","106.3070","103.1196","","0.57%"
"08/09/2024","103.1196","106.7366","106.7366","103.0693","","2.20%"
"08/08/2024","100.8973","99.0820","100.9464","99.0330","","1.48%"
"08/07/2024","99.4288","99.1270","99.5004","99.0330","","5.82%"
"08/06/2024","93.9619","93.9619","93.9619","93.9619","","0.00%"
"08/05/2024","93.9619","80.4352","93.9619","80.4352","","16.72%"
"08/02/2024","80.5000","77.4030","80.9768","77.4030","","4.58%"
"08/01/2024","76.9729","79.7596","79.7596","77.2532","","-3.49%"
"07/31/2024","79.7596","75.4796","79.7596","75.4796","","5.67%"
"07/30/2024","75.4796","78.3697","78.3779","75.4055","","31.29%"
"07/29/2024","57.4895","57.8130","57.8130","57.8130","","0.00%"
"07/26/2024","57.4895","57.8102","57.8130","57.8102","","0.01%"
"07/25/2024","57.4838","57.8045","57.8131","57.7814","","0.02%"
"07/24/2024","57.4723","57.8018","57.8074","57.7407","","0.01%"
"07/23/2024","57.4671","57.7961","57.8018","57.7961","","0.02%"
"07/22/2024","57.4556","57.7933","57.7961","57.7500","","0.01%"
"07/19/2024","57.4499","57.7881","57.7933","57.6632","","0.02%"
"07/18/2024","57.4395","57.7855","57.7881","57.7000","","0.01%"
"07/17/2024","57.4344","57.7800","57.7855","57.7000","","0.02%"
"07/16/2024","57.4234","57.7775","57.7800","57.7775","","0.01%"
"07/15/2024","57.4183","57.7723","57.7775","57.7000","","0.02%"
"07/12/2024","57.4079","57.7694","57.7723","57.6900","","0.01%"
"07/11/2024","57.4022","57.7643","57.7723","57.6624","","0.02%"
"07/10/2024","57.3919","57.7617","57.7643","57.6800","","0.01%"
"07/09/2024","57.3867","57.7559","57.7617","57.7559","","0.02%"
"07/08/2024","57.3752","57.7533","57.7559","57.7533","","0.01%"
"07/05/2024","57.3701","57.7481","57.7533","57.6500","","0.02%"
"07/04/2024","57.3597","57.7453","57.7481","57.7453","","0.01%"
"07/03/2024","57.3540","57.7398","57.7482","57.3483","","0.02%"
"07/02/2024","57.3431","57.7373","57.7427","57.3429","","0.01%"
"07/01/2024","57.3380","57.7315","57.7402","57.6903","","0.02%"
"06/28/2024","57.3265","57.7264","57.7315","57.7189","","0.02%"
"06/27/2024","57.3162","57.7189","57.7293","57.6903","","0.03%"
"06/26/2024","57.3013","57.7141","57.7189","57.6000","","0.02%"
"06/25/2024","57.2915","57.7060","57.7169","57.5524","","-0.72%"
"06/24/2024","57.7060","57.7010","57.7089","57.5274","","0.01%"
"06/21/2024","57.7010","57.6932","57.7010","57.5500","","0.01%"
"06/20/2024","57.6932","57.6886","57.6961","57.5274","","0.01%"
"06/19/2024","57.6886","57.6797","57.6886","57.4789","","0.02%"
"06/18/2024","57.6797","57.6743","57.6797","57.4500","","0.01%"
"06/17/2024","57.6743","57.6657","57.6772","57.5250","","0.01%"
"06/14/2024","57.6657","57.6598","57.6657","57.5250","","0.01%"
"06/13/2024","57.6598","57.6508","57.6598","57.5000","","0.02%"
"06/12/2024","57.6508","57.6451","57.6508","57.4000","","0.01%"
"06/11/2024","57.6451","57.6366","57.6451","57.4000","","0.01%"
"06/10/2024","57.6366","57.5075","57.6366","57.4000","","0.90%"
"06/07/2024","57.1246","57.4986","57.5103","57.3838","","0.03%"
"06/06/2024","57.1069","57.4931","57.5015","57.3250","","0.02%"
"06/05/2024","57.0960","57.4846","57.4961","57.3500","","0.03%"
"06/04/2024","57.0789","57.4789","57.4846","57.3500","","0.02%"
"06/03/2024","57.0675","57.4703","57.4818","56.9138","","0.03%"
"05/31/2024","57.0504","57.4664","57.4733","57.3427","","0.01%"
"05/30/2024","57.0424","57.4644","57.4692","57.3407","","0.01%"
"05/29/2024","57.0384","57.4595","57.4673","57.0750","","-0.73%"
"05/28/2024","57.4595","57.4595","57.4595","57.1000","","0.00%"
"05/27/2024","57.4595","57.4578","57.4595","57.4578","","0.00%"
"05/24/2024","57.4578","57.4532","57.4607","57.4293","","0.01%"
"05/23/2024","57.4532","57.4510","57.4532","57.3000","","0.00%"
"05/22/2024","57.4510","57.4464","57.4538","57.0957","","0.01%"
"05/21/2024","57.4464","57.4444","57.4464","57.2750","","0.00%"
"05/20/2024","57.4444","57.4395","57.4473","57.4159","","0.01%"
"05/17/2024","57.4395","57.4370","57.4395","57.2800","","0.00%"
"05/16/2024","57.4370","57.4330","57.4370","57.4330","","0.01%"
"05/15/2024","57.4330","57.4313","57.4359","57.2000","","0.00%"
"05/14/2024","57.4313","57.4268","57.4342","57.2500","","0.01%"
"05/13/2024","57.4268","57.3988","57.4296","57.3960","","0.01%"
"05/10/2024","57.4202","57.4202","57.4231","56.8415","","0.00%"
"05/09/2024","57.4202","57.4182","57.4202","56.9138","","0.00%"
"05/08/2024","57.4182","57.4139","57.4182","57.2500","","0.01%"
"05/07/2024","57.4139","57.4119","57.4139","57.2300","","0.00%"
"05/06/2024","57.4119","57.4048","57.4119","57.2000","","0.93%"
"05/03/2024","56.8850","57.9115","57.9115","56.8850","","-0.91%"
"05/02/2024","57.4048","57.4048","57.4048","57.0500","","0.00%"
"05/01/2024","57.4048","57.4048","57.4048","57.4048","","0.00%"
"04/30/2024","57.4048","57.3997","57.4048","57.3997","","0.01%"
"04/29/2024","57.3997","57.3903","57.3997","57.3100","","0.02%"
"04/26/2024","57.3903","56.9525","57.3903","56.9525","","0.90%"
"04/25/2024","56.8795","56.9434","57.2397","56.9128","","0.03%"
"04/24/2024","56.8613","56.9377","57.1806","56.9128","","0.02%"
"04/23/2024","56.8499","56.9289","57.0667","56.9093","","0.03%"
"04/22/2024","56.8323","56.9230","57.1811","56.8778","","0.02%"
"04/19/2024","56.8204","56.9138","57.0702","56.8727","","0.03%"
"04/18/2024","56.8022","56.8993","57.1511","56.8527","","0.05%"
"04/17/2024","56.7732","56.8993","57.0866","56.8628","","0.00%"
"04/16/2024","56.7732","56.8937","56.9228","56.8503","","0.02%"
"04/15/2024","56.7619","56.8843","56.9059","56.8377","","0.03%"
"04/12/2024","56.7432","56.8792","56.8966","56.8377","","0.02%"
"04/11/2024","56.7329","56.8702","56.8792","56.8702","","0.03%"
"04/10/2024","56.7148","56.8702","57.0324","56.8219","","0.00%"
"04/09/2024","56.7148","56.8647","57.0324","56.8128","","0.02%"
"04/08/2024","56.7040","56.8554","56.9613","56.8364","","0.03%"
"04/05/2024","56.6853","56.8503","57.0426","56.8128","","0.02%"
"04/04/2024","56.6751","56.8415","56.8531","56.6500","","0.03%"
"04/03/2024","56.6576","56.8356","56.8486","56.8132","","0.02%"
"04/02/2024","56.6457","56.8271","56.8356","56.8246","","0.03%"
"04/01/2024","56.6287","56.8246","56.8736","56.7988","","0.01%"
"03/29/2024","56.6236","56.8197","56.9118","56.8128","","0.02%"
"03/28/2024","56.6139","56.8169","56.9319","56.7627","","0.01%"
"03/27/2024","56.6083","56.8126","57.0042","56.7627","","0.02%"
"03/26/2024","56.5998","56.8101","56.9999","56.7627","","0.01%"
"03/25/2024","56.5947","56.8050","56.9473","56.7627","","0.02%"
"03/22/2024","56.5845","56.8022","56.9173","56.6500","","0.01%"
"03/21/2024","56.5789","56.7971","56.8057","56.7688","","0.02%"
"03/20/2024","56.5687","56.7971","56.9094","56.7627","","0.11%"
"03/19/2024","56.5070","56.7892","56.8818","56.7608","","-0.08%"
"03/18/2024","56.5528","56.7864","56.8764","56.7608","","0.01%"
"03/15/2024","56.5472","56.7816","56.8486","56.7581","","0.02%"
"03/14/2024","56.5376","56.7787","56.8188","56.7386","","0.01%"
"03/13/2024","56.5319","56.7736","56.7787","56.7736","","0.02%"
"03/12/2024","56.5217","56.7714","56.8108","56.7627","","0.01%"
"03/11/2024","56.5172","56.7668","56.8086","56.7431","","0.02%"
"03/08/2024","56.5082","56.7643","56.8041","56.7386","","0.01%"
"03/07/2024","56.5031","56.7589","56.7643","56.7589","","0.02%"
"03/06/2024","56.4924","56.7561","56.8212","56.7127","","0.01%"
"03/05/2024","56.4867","56.7510","56.7601","56.7202","","0.02%"
"03/04/2024","56.4766","56.7485","56.7510","56.7485","","0.01%"
"03/01/2024","56.4715","56.7439","56.8000","56.7202","","0.02%"
"02/29/2024","56.4624","56.7383","56.7462","56.7383","","0.02%"
"02/28/2024","56.4511","56.7299","56.7383","56.7150","","0.03%"
"02/27/2024","56.4342","56.7239","56.7299","56.7050","","0.02%"
"02/26/2024","56.4224","56.7152","56.7239","56.6974","","0.03%"
"02/23/2024","56.4049","56.7099","56.7152","56.6900","","0.02%"
"02/22/2024","56.3942","56.7016","56.7099","56.6500","","0.03%"
"02/21/2024","56.3778","56.6966","56.7045","56.6557","","0.02%"
"02/20/2024","56.3677","56.6822","56.6995","56.4937","","0.05%"
"02/19/2024","56.3389","56.6822","56.6822","56.6822","","0.00%"
"02/16/2024","56.3389","56.6735","56.6851","56.6063","","0.03%"
"02/15/2024","56.3215","56.6675","56.6763","56.5776","","0.02%"
"02/14/2024","56.3096","56.6586","56.6704","56.5766","","0.03%"
"02/13/2024","56.2916","56.6530","56.6614","56.5640","","0.02%"
"02/12/2024","56.2804","56.6445","56.6530","56.6445","","0.03%"
"02/09/2024","56.2635","56.6386","56.6445","56.5500","","0.02%"
"02/08/2024","56.2517","56.6299","56.6414","56.5227","","0.03%"
"02/07/2024","56.2343","56.6245","56.6328","56.5391","","0.02%"
"02/06/2024","56.2236","56.6161","56.6274","56.5000","","0.03%"
"02/05/2024","56.2067","56.6091","56.6161","56.6091","","0.02%"
"02/02/2024","56.1927","56.6007","56.6091","56.5000","","-0.72%"
"02/01/2024","56.6007","56.5959","56.6007","56.4500","","0.01%"
"01/31/2024","56.5959","56.5933","56.6170","56.5000","","0.00%"
"01/30/2024","56.5933","56.5888","56.5962","56.4500","","0.01%"
"01/29/2024","56.5888","56.5866","56.5917","56.4230","","0.00%"
"01/26/2024","56.5866","56.5827","56.5895","56.4458","","0.01%"
"01/25/2024","56.5827","56.5807","56.5827","56.4000","","0.00%"
"01/24/2024","56.5807","56.5765","56.5835","56.4899","","0.01%"
"01/23/2024","56.5765","56.5746","56.5765","56.4300","","0.00%"
"01/22/2024","56.5746","56.5698","56.5774","56.3500","","0.01%"
"01/19/2024","56.5698","56.5672","56.5727","56.4226","","0.00%"
"01/18/2024","56.5672","56.5634","56.5672","56.5634","","0.01%"
"01/17/2024","56.5634","56.5616","56.5662","56.3975","","0.00%"
"01/16/2024","56.5616","56.5572","56.5645","56.3459","","0.01%"
"01/15/2024","56.5572","56.5549","56.5572","56.5549","","0.00%"
"01/12/2024","56.5549","56.5507","56.5549","56.3250","","0.01%"
"01/11/2024","56.5507","56.5488","56.5507","56.3250","","0.00%"
"01/10/2024","56.5488","56.5255","56.5488","56.3750","","0.01%"
"01/09/2024","56.5443","56.5255","56.5453","56.3750","","0.00%"
"01/08/2024","56.5453","56.5255","56.5453","56.3300","","0.04%"
"01/05/2024","56.5255","56.5255","56.5378","56.1600","","0.00%"
"01/04/2024","56.5255","56.5308","56.5355","56.1500","","0.00%"
"01/03/2024","56.5255","56.5255","56.5308","56.2000","","0.00%"
"01/02/2024","56.5255","56.3266","56.5255","56.1500","","0.94%"
"01/01/2024","55.9969","56.3266","56.3266","56.3266","","0.00%"
"12/29/2023","55.9969","56.3180","56.3295","56.1350","","0.03%"
"12/28/2023","55.9796","56.3124","56.3209","56.1500","","0.02%"
"12/27/2023","55.9684","56.3032","56.3153","56.1250","","0.03%"
"12/26/2023","55.9499","56.2889","56.3032","56.2889","","0.05%"
"12/25/2023","55.9214","56.2889","56.2889","56.2889","","0.00%"
"12/22/2023","55.9214","56.2827","56.2918","56.2687","","0.02%"
"12/21/2023","55.9091","56.2733","56.2827","56.2733","","0.03%"
"12/20/2023","55.8901","56.2679","56.2761","56.2453","","0.02%"
"12/19/2023","55.8795","56.2587","56.2897","56.2282","","0.03%"
"12/18/2023","55.8610","56.2525","56.2616","56.0968","","0.02%"
"12/15/2023","55.8487","56.2431","56.2525","55.8750","","0.03%"
"12/14/2023","55.8298","56.2375","56.2459","55.8000","","-0.72%"
"12/13/2023","56.2375","56.2291","56.2432","55.7700","","0.01%"
"12/12/2023","56.2291","56.2238","56.2291","55.7700","","0.01%"
"12/11/2023","56.2238","56.2149","56.2267","55.7700","","0.02%"
"12/08/2023","56.2149","56.2090","56.2178","55.7600","","0.01%"
"12/07/2023","56.2090","56.2004","56.2090","55.7600","","0.02%"
"12/06/2023","56.2004","56.1954","56.2004","55.7000","","0.01%"
"12/05/2023","56.1954","56.1862","56.1954","55.7000","","0.02%"
"12/04/2023","56.1862","56.1832","56.1862","55.7000","","0.01%"
"12/01/2023","56.1832","56.1709","56.1832","55.6900","","0.02%"
"11/30/2023","56.1709","56.1709","56.1781","55.7500","","0.00%"
"11/29/2023","56.1709","56.1709","56.1754","55.7500","","0.00%"
"11/28/2023","56.1709","56.1684","56.1714","55.6850","","0.00%"
"11/27/2023","56.1684","56.1639","56.1684","55.6700","","0.01%"
"11/24/2023","56.1639","56.1612","56.1639","55.6550","","0.00%"
"11/23/2023","56.1612","56.1564","56.1612","55.9347","","0.01%"
"11/22/2023","56.1564","55.9364","56.1564","55.9364","","0.91%"
"11/21/2023","55.6503","55.9314","55.9392","55.5750","","0.02%"
"11/20/2023","55.6403","55.9288","55.9370","55.5750","","0.01%"
"11/17/2023","55.6353","55.9244","55.9316","55.6200","","0.02%"
"11/16/2023","55.6264","55.9216","55.9244","55.6200","","0.01%"
"11/15/2023","55.6208","55.9169","55.9244","55.6150","","0.02%"
"11/14/2023","55.6114","55.9146","55.9169","55.6000","","0.01%"
"11/13/2023","55.6069","55.8028","55.9146","55.5416","","0.02%"
"11/10/2023","55.5969","55.9066","55.9124","55.6000","","0.01%"
"11/09/2023","55.5908","55.9021","55.9066","55.5200","","0.02%"
"11/08/2023","55.5819","55.8993","55.9049","55.5000","","0.01%"
"11/07/2023","55.5763","55.8943","55.9021","55.5000","","0.02%"
"11/06/2023","55.5663","55.8918","55.8943","55.4900","","0.01%"
"11/03/2023","55.5613","55.8871","55.8946","55.4600","","0.02%"
"11/02/2023","55.5519","55.8780","55.8871","55.4600","","0.03%"
"11/01/2023","55.5336","55.8586","55.8780","55.4500","","0.07%"
"10/31/2023","55.4947","55.8586","55.8755","55.4500","","0.00%"
"10/30/2023","55.4947","55.8586","55.8586","55.4500","","0.00%"
"10/27/2023","55.4947","55.8505","55.8586","55.5000","","0.03%"
"10/26/2023","55.4786","55.8450","55.8533","55.5000","","0.02%"
"10/25/2023","55.4675","55.8316","55.8478","55.4250","","0.05%"
"10/24/2023","55.4409","55.8316","55.8423","55.4500","","0.00%"
"10/23/2023","55.4409","55.8231","55.8344","55.4500","","0.03%"
"10/20/2023","55.4237","55.8084","55.8259","55.3550","","0.05%"
"10/19/2023","55.3944","55.8084","55.8200","55.4100","","0.00%"
"10/18/2023","55.3944","55.8028","55.8112","55.3750","","-0.73%"
"10/17/2023","55.8028","55.7937","55.8056","55.3833","","0.02%"
"10/16/2023","55.7937","55.6418","55.7937","55.4000","","0.01%"
"10/13/2023","55.7882","55.7721","55.7882","55.6147","","0.03%"
"10/12/2023","55.7721","55.7721","55.7788","55.2950","","0.00%"
"10/11/2023","55.7721","55.7633","55.7749","55.5709","","0.02%"
"10/10/2023","55.7633","55.7578","55.7661","55.3100","","0.01%"
"10/09/2023","55.7578","55.7486","55.7578","55.5605","","0.02%"
"10/06/2023","55.7486","55.7321","55.7486","55.3100","","0.03%"
"10/05/2023","55.7321","55.7321","55.7415","55.2900","","0.00%"
"10/04/2023","55.7321","55.7293","55.7321","55.2500","","0.00%"
"10/03/2023","55.7293","55.7248","55.7293","55.2500","","0.01%"
"10/02/2023","55.7248","55.7224","55.7248","55.2400","","0.00%"
"09/29/2023","55.7224","55.3129","55.7224","55.2400","","0.92%"
"09/28/2023","55.2124","55.3129","55.3129","55.2400","","0.00%"
"09/27/2023","55.2124","55.3129","55.3129","55.2400","","0.00%"
"09/26/2023","55.2124","55.3106","55.3312","55.2400","","0.01%"
"09/25/2023","55.2080","55.3063","55.3290","55.2500","","0.02%"
"09/22/2023","55.1992","55.3041","55.4752","55.3041","","0.01%"
"09/21/2023","55.1948","55.2988","55.3465","55.2100","","0.02%"
"09/20/2023","55.1843","55.2963","55.3016","55.2200","","0.01%"
"09/19/2023","55.1793","55.2921","55.2963","55.2200","","0.02%"
"09/18/2023","55.1710","55.2900","55.4468","55.1750","","0.01%"
"09/15/2023","55.1666","55.2831","55.2954","55.1500","","0.03%"
"09/14/2023","55.1528","55.2831","55.2831","55.1500","","0.00%"
"09/13/2023","55.1528","55.2784","55.2831","55.2784","","0.02%"
"09/12/2023","55.1435","55.2784","55.2812","55.2000","","0.00%"
"09/11/2023","55.1435","55.2762","55.4192","55.2000","","0.01%"
"09/08/2023","55.1391","55.2696","55.4148","55.1250","","0.02%"
"09/07/2023","55.1258","55.2696","55.4058","55.1000","","0.00%"
"09/06/2023","55.1258","55.2649","55.4015","55.0550","","0.02%"
"09/05/2023","55.1165","55.2607","55.3921","55.0100","","0.02%"
"09/04/2023","55.1082","55.2583","55.3838","55.2583","","0.01%"
"09/01/2023","55.1032","55.2538","55.3787","55.2114","","0.02%"
"08/31/2023","55.0944","55.2390","55.3699","55.2390","","0.05%"
"08/30/2023","55.0647","55.2390","55.3522","55.2114","","0.00%"
"08/29/2023","55.0647","55.2296","55.3400","55.2114","","0.03%"
"08/28/2023","55.0460","55.2247","55.3213","55.2021","","0.02%"
"08/25/2023","55.0361","55.2159","55.2302","55.1972","","0.03%"
"08/24/2023","55.0185","55.2107","55.2936","54.9750","","0.02%"
"08/23/2023","55.0080","55.1961","55.2739","55.1686","","0.05%"
"08/22/2023","54.9789","55.1961","55.1994","54.9700","","0.00%"
"08/21/2023","54.9789","55.1873","55.2538","54.9400","","0.03%"
"08/18/2023","54.9613","55.1813","55.2361","54.9400","","0.02%"
"08/17/2023","54.9492","55.1719","55.1840","54.9300","","0.03%"
"08/16/2023","54.9305","55.1667","55.2052","54.9200","","0.02%"
"08/15/2023","54.9201","55.1576","55.1947","54.9386","","0.03%"
"08/14/2023","54.9020","55.1516","55.1765","54.8500","","0.02%"
"08/11/2023","54.8899","55.1367","55.1643","55.1241","","0.05%"
"08/10/2023","54.8602","55.1367","55.1455","55.1194","","0.00%"
"08/09/2023","54.8602","55.1280","55.1367","55.1280","","0.03%"
"08/08/2023","54.8427","55.1231","55.1307","55.1001","","0.02%"
"08/07/2023","54.8328","55.1140","55.1258","55.0873","","0.03%"
"08/04/2023","54.8147","55.1093","55.1167","54.7900","","0.02%"
"08/03/2023","54.8054","55.1006","55.1093","54.7800","","0.03%"
"08/02/2023","54.7879","55.0956","55.1034","54.7700","","0.02%"
"08/01/2023","54.7780","55.0872","55.0956","54.7600","","0.03%"
"07/31/2023","54.7611","55.0825","55.0872","54.7500","","0.02%"
"07/28/2023","54.7517","55.0801","55.0825","54.7300","","0.01%"
"07/27/2023","54.7468","55.0751","55.0801","54.7300","","0.02%"
"07/26/2023","54.7370","55.0727","55.0807","54.7300","","0.01%"
"07/25/2023","54.7320","55.0667","55.0934","54.7200","","0.02%"
"07/24/2023","54.7200","55.0639","55.0694","54.7050","","0.01%"
"07/21/2023","54.7145","55.0590","55.0737","54.6850","","0.02%"
"07/20/2023","54.7047","55.0565","55.0688","54.6850","","0.01%"
"07/19/2023","54.6998","55.0513","55.0620","54.6800","","0.02%"
"07/18/2023","54.6894","55.0484","55.0659","54.6800","","0.01%"
"07/17/2023","54.6834","54.9568","55.0569","54.6600","","0.02%"
"07/14/2023","54.6735","55.0406","55.0475","54.6600","","0.01%"
"07/13/2023","54.6680","55.0358","55.0434","54.6500","","0.02%"
"07/12/2023","54.6582","55.0333","55.1097","54.9114","","0.01%"
"07/11/2023","54.6533","55.0275","55.0540","54.6000","","0.02%"
"07/10/2023","54.6418","55.0251","55.0444","54.6100","","0.01%"
"07/07/2023","54.6369","55.0202","55.0415","54.6100","","0.02%"
"07/06/2023","54.6271","55.0169","55.0385","54.6100","","0.01%"
"07/05/2023","54.6205","55.0117","55.0440","54.8860","","0.02%"
"07/04/2023","54.6101","55.0093","55.0117","54.5200","","0.01%"
"07/03/2023","54.6052","55.0038","55.0093","54.6000","","-0.72%"
"06/30/2023","55.0038","54.9953","55.0121","54.5700","","0.02%"
"06/29/2023","54.9953","54.9902","55.1045","54.5600","","0.01%"
"06/28/2023","54.9902","54.9902","55.0107","54.5550","","0.00%"
"06/27/2023","54.9902","54.9819","55.0349","54.5500","","0.01%"
"06/26/2023","54.9819","54.9762","54.9819","54.5300","","0.01%"
"06/23/2023","54.9762","54.9678","54.9762","54.5200","","0.02%"
"06/22/2023","54.9678","54.9623","54.9733","54.5000","","0.01%"
"06/21/2023","54.9623","54.9544","54.9678","54.5000","","0.01%"
"06/20/2023","54.9544","54.9492","54.9725","54.4400","","0.01%"
"06/19/2023","54.9492","54.9408","54.9492","54.4400","","0.02%"
"06/16/2023","54.9408","54.9356","54.9408","54.4400","","0.01%"
"06/15/2023","54.9356","54.9274","54.9472","54.4150","","0.01%"
"06/14/2023","54.9274","54.9217","54.9302","54.4000","","0.01%"
"06/13/2023","54.9217","54.9133","54.9472","54.4500","","0.02%"
"06/12/2023","54.9133","54.6526","54.9472","54.4100","","0.94%"
"06/09/2023","54.4025","54.6444","54.7495","54.3900","","0.03%"
"06/08/2023","54.3861","54.6387","54.7891","54.4000","","0.02%"
"06/07/2023","54.3747","54.6303","54.7414","54.3950","","0.03%"
"06/06/2023","54.3579","54.6251","54.7716","54.3900","","0.02%"
"06/05/2023","54.3475","54.6170","54.6251","54.3600","","0.03%"
"06/02/2023","54.3312","54.6115","54.6170","54.3000","","0.02%"
"06/01/2023","54.3204","54.6034","54.7358","54.3500","","0.03%"
"05/31/2023","54.3041","54.5996","54.6062","54.3250","","0.01%"
"05/30/2023","54.2965","54.5977","54.6023","54.3000","","0.01%"
"05/29/2023","54.2927","54.5931","54.5977","54.5931","","0.02%"
"05/26/2023","54.2835","54.5914","54.5959","54.2750","","0.01%"
"05/25/2023","54.2802","54.5871","54.5942","54.3000","","0.02%"
"05/24/2023","54.2715","54.5849","54.5899","54.2500","","0.01%"
"05/23/2023","54.2672","54.5806","54.6847","54.2500","","0.02%"
"05/22/2023","54.2585","54.5787","54.6632","54.2400","","0.01%"
"05/19/2023","54.2547","54.5741","54.6096","54.2400","","0.02%"
"05/18/2023","54.2455","54.5717","54.5769","54.2400","","0.01%"
"05/17/2023","54.2406","54.5678","54.6307","54.2400","","0.01%"
"05/16/2023","54.2330","54.5662","54.6307","54.2400","","0.01%"
"05/15/2023","54.2297","54.5619","54.5662","54.2100","","0.02%"
"05/12/2023","54.2211","54.5597","54.6572","54.2100","","0.01%"
"05/11/2023","54.2167","54.5537","54.5597","54.2050","","0.02%"
"05/10/2023","54.2048","54.5537","54.6484","54.2100","","0.00%"
"05/09/2023","54.2048","54.5497","54.5654","54.2100","","0.01%"
"05/08/2023","54.1967","54.4677","54.6138","54.2100","","0.01%"
"05/05/2023","54.1929","54.5478","54.5533","54.2250","","0.00%"
"05/04/2023","54.1929","54.5432","54.5505","54.2000","","0.02%"
"05/03/2023","54.1837","54.5410","54.6013","54.1600","","0.01%"
"05/02/2023","54.1793","54.5362","54.5438","54.1450","","0.02%"
"05/01/2023","54.1696","54.5362","54.5389","54.1400","","0.00%"
"04/28/2023","54.1696","54.5272","54.5432","54.1350","","0.03%"
"04/27/2023","54.1517","54.5220","54.5597","54.1350","","0.02%"
"04/26/2023","54.1414","54.5134","54.5426","54.1200","","0.03%"
"04/25/2023","54.1241","54.5080","54.5521","54.0600","","0.02%"
"04/24/2023","54.1133","54.4939","54.5107","54.0600","","-0.70%"
"04/21/2023","54.4939","54.4939","54.4967","54.0800","","0.00%"
"04/20/2023","54.4939","54.4853","54.4939","54.0050","","0.02%"
"04/19/2023","54.4853","54.4801","54.5770","54.3331","","0.01%"
"04/18/2023","54.4801","54.4715","54.5457","54.0050","","0.02%"
"04/17/2023","54.4715","54.4661","54.5432","54.0000","","0.01%"
"04/14/2023","54.4661","54.4661","54.5432","54.0000","","0.00%"
"04/13/2023","54.4661","54.4572","54.5336","54.0200","","0.02%"
"04/12/2023","54.4572","54.4523","54.4856","54.0000","","0.01%"
"04/11/2023","54.4523","54.4437","54.4668","54.0150","","0.02%"
"04/10/2023","54.4437","54.2546","54.4437","53.9700","","0.03%"
"04/07/2023","54.4296","54.4296","54.4385","53.9500","","0.00%"
"04/06/2023","54.4296","54.4248","54.4296","53.9100","","0.01%"
"04/05/2023","54.4248","54.4165","54.4248","53.9100","","0.02%"
"04/04/2023","54.4165","54.4108","54.4165","53.9100","","0.01%"
"04/03/2023","54.4108","54.4027","54.4108","53.9000","","0.01%"
"03/31/2023","54.4027","53.8989","54.4971","53.8500","","0.94%"
"03/30/2023","53.8978","53.8943","54.1673","53.8500","","0.02%"
"03/29/2023","53.8887","53.8917","54.1623","53.8500","","0.01%"
"03/28/2023","53.8833","53.8876","54.1527","53.8500","","0.02%"
"03/27/2023","53.8752","53.8610","54.1446","53.8251","","0.01%"
"03/24/2023","53.8704","53.8803","54.1398","53.8582","","0.02%"
"03/23/2023","53.8607","53.8479","53.8962","53.8285","","0.03%"
"03/22/2023","53.8456","53.8479","54.1124","53.8210","","0.00%"
"03/21/2023","53.8456","53.8455","53.8508","53.8210","","0.01%"
"03/20/2023","53.8407","53.8404","54.1253","53.8063","","0.21%"
"03/17/2023","53.7300","53.8377","54.0997","53.7752","","-0.18%"
"03/16/2023","53.8251","53.8377","54.0942","53.7752","","0.21%"
"03/15/2023","53.7100","53.8304","54.1129","53.7500","","-0.19%"
"03/14/2023","53.8106","53.8256","54.0797","53.7250","","0.02%"
"03/13/2023","53.8009","53.8234","54.0699","53.7701","","0.01%"
"03/10/2023","53.7966","53.8191","54.0656","53.7651","","0.02%"
"03/09/2023","53.7880","53.8167","54.0569","53.7651","","0.01%"
"03/08/2023","53.7832","53.8116","54.0521","53.7200","","0.02%"
"03/07/2023","53.7729","53.8089","54.0418","53.7100","","0.01%"
"03/06/2023","53.7676","53.7775","54.0364","53.7050","","0.02%"
"03/03/2023","53.7579","53.8017","53.8590","53.7551","","0.01%"
"03/02/2023","53.7531","53.8017","53.8565","53.7250","","0.00%"
"03/01/2023","53.7531","53.7974","54.0219","53.7705","","0.02%"
"02/28/2023","53.7445","53.7920","54.0132","53.7000","","0.02%"
"02/27/2023","53.7337","53.7840","54.0355","53.7000","","0.03%"
"02/24/2023","53.7176","53.7783","54.0274","53.6750","","0.02%"
"02/23/2023","53.7063","53.7700","53.9748","53.6750","","0.03%"
"02/22/2023","53.6897","53.7649","53.9530","53.7380","","0.02%"
"02/21/2023","53.6795","53.7571","53.9479","53.6250","","0.03%"
"02/20/2023","53.6639","53.7523","53.9322","53.7523","","0.02%"
"02/17/2023","53.6543","53.7439","53.7550","53.5900","","0.03%"
"02/16/2023","53.6376","53.7386","53.9058","53.6250","","0.02%"
"02/15/2023","53.6269","53.7303","53.9672","53.6250","","0.03%"
"02/14/2023","53.6103","53.7247","53.7360","53.6000","","0.02%"
"02/13/2023","53.5990","53.7108","53.8697","53.6000","","0.03%"
"02/10/2023","53.5819","53.7108","53.8498","53.5900","","0.02%"
"02/09/2023","53.5712","53.7027","53.7135","53.5900","","0.03%"
"02/08/2023","53.5551","53.6971","53.8229","53.5000","","0.02%"
"02/07/2023","53.5439","53.6888","53.6998","53.5000","","0.03%"
"02/06/2023","53.5273","53.6837","53.8077","53.5000","","0.02%"
"02/03/2023","53.5171","53.6757","53.7847","53.4800","","0.03%"
"02/02/2023","53.5010","53.6690","53.7685","53.6690","","0.02%"
"02/01/2023","53.4877","53.6609","53.7551","53.4971","","0.03%"
"01/31/2023","53.4716","53.6564","53.7389","53.5000","","0.02%"
"01/30/2023","53.4625","53.6540","53.7298","53.5000","","0.01%"
"01/27/2023","53.4577","53.6497","53.7250","53.4750","","0.02%"
"01/26/2023","53.4492","53.6476","53.7164","53.5000","","0.01%"
"01/25/2023","53.4449","53.6438","53.6900","53.6209","1.12K","0.01%"
"01/24/2023","53.4374","53.6420","53.6900","53.5401","1.14K","0.01%"
"01/23/2023","53.4337","53.6380","53.7009","53.5742","0.76K","0.01%"
"01/20/2023","53.4257","53.6361","53.6928","53.6361","1.24K","0.01%"
"01/19/2023","53.4219","53.6361","53.6820","53.5742","0.61K","0.00%"
"01/18/2023","53.4219","53.6315","53.8110","53.6094","0.54K","0.02%"
"01/17/2023","53.4128","53.6292","53.8064","53.5988","0.41K","0.01%"
"01/16/2023","53.4080","53.6255","53.6292","53.6255","0.52K","0.01%"
"01/13/2023","53.4006","53.6239","53.8753","53.5988","0.51K","0.01%"
"01/12/2023","53.3974","53.6195","53.8737","53.6002","0.84K","0.02%"
"01/11/2023","53.3888","53.6174","53.8750","53.5928","0.62K","0.01%"
"01/10/2023","53.3845","53.6134","53.8500","53.5751","1.08K","0.01%"
"01/09/2023","53.3765","53.6115","53.8382","53.5751","0.68K","0.01%"
"01/06/2023","53.3728","53.6073","53.9000","53.5849","0.53K","0.02%"
"01/05/2023","53.3643","53.6054","53.9500","53.5806","1.06K","0.01%"
"01/04/2023","53.3605","53.6012","53.7308","53.5787","1.01K","0.02%"
"01/03/2023","53.3520","53.5990","53.6750","53.5990","0.94K","0.01%"
"01/02/2023","53.3477","53.5945","53.5990","53.5945","0.47K","0.02%"
"12/30/2022","53.3387","53.5894","53.6194","53.5678","0.52K","0.02%"
"12/29/2022","53.3285","53.5806","53.6393","53.5502","0.40K","0.03%"
"12/28/2022","53.3109","53.5758","53.6953","53.5502","0.53K","0.02%"
"12/27/2022","53.3013","53.5676","53.7006","53.5491","0.51K","0.03%"
"12/26/2022","53.2848","53.5622","53.7000","53.5502","0.44K","0.02%"
"12/23/2022","53.2742","53.5535","53.6371","53.5034","0.54K","0.03%"
"12/22/2022","53.2566","53.5484","53.6033","53.4962","0.52K","0.02%"
"12/21/2022","53.2465","53.5340","53.6000","53.4861","0.56K","0.05%"
"12/20/2022","53.2177","53.5340","53.6250","53.4631","0.76K","0.00%"
"12/19/2022","53.2177","53.5249","53.6250","53.4572","0.58K","0.03%"
"12/16/2022","53.1996","53.5199","53.5448","53.4390","1.08K","0.02%"
"12/15/2022","53.1895","53.5112","53.5348","53.4288","1.02K","0.03%"
"12/14/2022","53.1720","53.5053","53.5139","53.3964","0.91K","0.02%"
"12/13/2022","53.1603","53.4963","53.5053","53.3460","0.99K","0.03%"
"12/12/2022","53.1422","53.4910","53.5308","53.3814","0.51K","0.02%"
"12/09/2022","53.1316","53.4830","53.4910","53.3315","1.06K","0.03%"
"12/08/2022","53.1157","53.4780","53.4857","53.3234","1.10K","0.02%"
"12/07/2022","53.1056","53.4695","53.4807","53.3334","1.04K","0.03%"
"12/06/2022","53.0886","53.4638","53.5119","53.3247","1.04K","0.02%"
"12/05/2022","53.0774","53.4557","53.5057","53.3041","0.80K","0.03%"
"12/02/2022","53.0610","53.4509","53.4794","53.3008","1.24K","-0.73%"
"12/01/2022","53.4509","53.4421","53.4594","53.2901","1.24K","0.02%"
"11/30/2022","53.4421","53.4392","53.5112","53.3750","1.19K","0.01%"
"11/29/2022","53.4392","53.4344","53.5112","53.0000","1.13K","0.01%"
"11/28/2022","53.4344","53.4318","53.4669","52.9750","0.75K","0.00%"
"11/25/2022","53.4318","53.4276","53.4643","53.0000","1.06K","0.01%"
"11/24/2022","53.4276","53.4252","53.4276","53.2674","1.10K","0.00%"
"11/23/2022","53.4252","53.4209","53.4859","52.9750","1.05K","0.01%"
"11/22/2022","53.4209","53.4183","53.4532","52.9250","1.00K","0.00%"
"11/21/2022","53.4183","53.4137","53.4210","52.9500","0.64K","0.01%"
"11/18/2022","53.4137","53.4109","53.4165","53.2156","1.05K","0.01%"
"11/17/2022","53.4109","53.4061","53.4136","52.9600","0.70K","0.01%"
"11/16/2022","53.4061","53.4037","53.4088","52.9500","0.48K","0.00%"
"11/15/2022","53.4037","53.3994","53.4064","52.9250","0.98K","0.01%"
"11/14/2022","53.3994","53.3968","53.4021","52.8750","0.63K","0.00%"
"11/11/2022","53.3968","53.3923","53.3995","52.9000","0.86K","0.01%"
"11/10/2022","53.3923","53.3902","53.3950","52.8500","1.04K","0.00%"
"11/09/2022","53.3902","53.3854","53.4076","52.9600","1.03K","0.01%"
"11/08/2022","53.3854","53.3825","53.3854","52.9050","1.01K","0.01%"
"11/07/2022","53.3825","53.3783","53.4137","52.9100","0.73K","0.01%"
"11/04/2022","53.3783","53.3756","53.3810","52.9000","0.65K","0.00%"
"11/03/2022","53.3756","53.3709","53.3756","52.8950","0.96K","0.01%"
"11/02/2022","53.3709","53.3685","53.3709","52.9000","0.93K","0.00%"
"11/01/2022","53.3685","53.3640","53.3685","52.9000","0.99K","0.01%"
"10/31/2022","53.3640","53.3553","53.3640","52.8750","0.60K","0.02%"
"10/28/2022","53.3553","53.3503","53.3553","52.8750","0.64K","0.01%"
"10/27/2022","53.3503","52.9635","53.3503","52.8350","1.03K","0.98%"
"10/26/2022","52.8333","52.9580","53.0975","52.8032","1.05K","0.02%"
"10/25/2022","52.8223","52.9503","53.0864","52.8000","0.72K","0.23%"
"10/24/2022","52.7000","52.9450","53.0709","52.7500","0.39K","-0.18%"
"10/21/2022","52.7964","52.9371","53.0604","52.7500","1.01K","0.03%"
"10/20/2022","52.7805","52.9324","53.0444","52.7900","1.02K","0.02%"
"10/19/2022","52.7710","52.9242","53.0349","52.7900","0.85K","0.03%"
"10/18/2022","52.7547","52.9187","53.0185","52.7954","1.04K","0.02%"
"10/17/2022","52.7436","52.9102","53.0073","52.7200","0.64K","0.03%"
"10/14/2022","52.7267","52.9049","53.0993","52.7100","1.06K","0.02%"
"10/13/2022","52.7162","52.8968","53.2162","52.7000","1.03K","0.03%"
"10/12/2022","52.6999","52.8918","52.9634","52.6800","1.06K","0.02%"
"10/11/2022","52.6899","52.8831","52.9534","52.6400","0.71K","0.03%"
"10/10/2022","52.6725","52.8775","52.8831","52.6000","0.46K","0.02%"
"10/07/2022","52.6614","52.8691","52.9247","52.6000","0.96K","0.03%"
"10/06/2022","52.6446","52.8642","52.9078","52.6000","0.95K","0.02%"
"10/05/2022","52.6346","52.8560","52.8978","52.5650","1.04K","0.03%"
"10/04/2022","52.6183","52.8499","52.8814","52.5500","1.02K","0.02%"
"10/03/2022","52.6062","52.8415","52.8693","52.5500","0.61K","0.03%"
"09/30/2022","52.5893","52.8391","52.8755","52.5500","1.07K","0.01%"
"09/29/2022","52.5846","52.8354","52.8706","52.5500","1.07K","0.01%"
"09/28/2022","52.5772","52.8334","52.8969","52.5250","1.00K","0.01%"
"09/27/2022","52.5730","52.8334","52.8334","52.5250","0.70K","0.00%"
"09/26/2022","52.5730","52.8292","52.8386","52.5500","0.52K","0.02%"
"09/23/2022","52.5646","52.8273","52.9566","52.5250","0.89K","0.01%"
"09/22/2022","52.5609","52.8234","52.8326","52.5250","0.81K","0.01%"
"09/21/2022","52.5531","52.8215","52.8852","52.5250","1.03K","0.01%"
"09/20/2022","52.5494","52.8171","52.9463","52.5200","1.06K","0.02%"
"09/19/2022","52.5404","52.8147","52.8197","52.4900","1.06K","0.01%"
"09/16/2022","52.5357","52.8111","52.8173","52.4900","1.14K","0.01%"
"09/15/2022","52.5284","52.8094","52.8137","52.5000","1.18K","0.01%"
"09/14/2022","52.5252","52.8055","52.8782","52.5500","0.82K","0.02%"
"09/13/2022","52.5173","52.8032","52.9178","52.5300","1.07K","0.01%"
"09/12/2022","52.5126","52.7992","52.8058","52.5250","0.67K","0.02%"
"09/09/2022","52.5047","52.7974","52.9205","52.5100","1.08K","0.01%"
"09/08/2022","52.5011","52.7934","52.9068","52.5100","1.07K","0.02%"
"09/07/2022","52.4932","52.7916","52.7961","52.5000","0.72K","0.01%"
"09/06/2022","52.4895","52.7874","52.8952","52.5000","0.52K","0.02%"
"09/05/2022","52.4811","52.7837","52.8088","52.5000","0.50K","0.01%"
"09/02/2022","52.4738","52.7817","52.9099","52.4100","0.75K","0.01%"
"09/01/2022","52.4696","52.7777","52.8854","52.4100","1.08K","0.02%"
"08/31/2022","52.4617","52.7696","52.7803","52.4000","1.07K","0.03%"
"08/30/2022","52.4454","52.7640","52.7696","52.4000","0.99K","0.02%"
"08/29/2022","52.4344","52.7554","52.7667","52.4000","0.49K","0.03%"
"08/26/2022","52.4171","52.7507","52.7640","52.4000","1.06K","0.02%"
"08/25/2022","52.4077","52.7423","52.8240","52.4000","1.10K","0.03%"
"08/24/2022","52.3909","52.7374","52.8156","52.3750","1.06K","0.02%"
"08/23/2022","52.3810","52.7287","52.8050","52.3750","1.09K","0.03%"
"08/22/2022","52.3637","52.7232","52.7864","52.3500","0.70K","0.02%"
"08/19/2022","52.3527","52.7149","52.7751","52.3300","1.02K","0.03%"
"08/18/2022","52.3360","52.7090","52.7682","52.3050","1.23K","0.02%"
"08/17/2022","52.3244","52.7002","52.7117","52.2900","1.56K","-0.71%"
"08/16/2022","52.7002","52.6952","52.7029","52.2900","0.91K","0.01%"
"08/15/2022","52.6952","52.6866","52.7404","52.2300","0.61K","0.02%"
"08/12/2022","52.6866","52.6809","52.6866","52.2000","0.55K","0.01%"
"08/11/2022","52.6809","52.6720","52.6835","52.2000","0.87K","0.02%"
"08/10/2022","52.6720","52.6668","52.7300","52.2000","1.06K","0.01%"
"08/09/2022","52.6668","52.6584","52.7300","52.2000","1.07K","0.02%"
"08/08/2022","52.6584","52.6537","52.6584","52.2000","0.52K","0.01%"
"08/05/2022","52.6537","52.6451","52.6563","52.1500","1.07K","0.02%"
"08/04/2022","52.6451","52.6401","52.6858","52.2000","1.04K","0.01%"
"08/03/2022","52.6401","52.6317","52.6858","52.2000","1.05K","0.02%"
"08/02/2022","52.6317","52.6270","52.6317","52.1500","1.05K","0.01%"
"08/01/2022","52.6270","52.6182","52.6834","52.1250","0.62K","0.02%"
"07/29/2022","52.6182","52.6138","52.6182","52.1000","1.13K","0.01%"
"07/28/2022","52.6138","52.6114","52.6164","52.1500","0.86K","0.00%"
"07/27/2022","52.6114","52.6075","52.6239","52.1000","0.75K","0.01%"
"07/26/2022","52.6075","52.6051","52.6326","52.5978","0.88K","0.00%"
"07/25/2022","52.6051","52.6010","52.6326","52.3731","0.61K","0.01%"
"07/22/2022","52.6010","52.5984","52.6137","52.3662","0.54K","0.00%"
"07/21/2022","52.5984","52.5937","52.5984","52.3589","0.98K","0.01%"
"07/20/2022","52.5937","52.2023","52.5937","52.2023","1.05K","0.97%"
"07/19/2022","52.0890","52.1973","52.2023","52.1973","1.05K","0.02%"
"07/18/2022","52.0791","52.1945","52.3395","52.1541","1.06K","0.01%"
"07/15/2022","52.0734","52.1898","52.1945","52.1898","0.53K","0.02%"
"07/14/2022","52.0640","52.1871","52.3243","52.1871","0.71K","0.01%"
"07/13/2022","52.0588","52.1825","52.3191","52.1611","1.05K","0.02%"
"07/12/2022","52.0495","52.1801","52.1825","52.1801","1.04K","0.01%"
"07/11/2022","52.0448","52.1749","52.3050","52.1489","0.72K","0.02%"
"07/08/2022","52.0344","52.1726","52.2946","52.1419","1.07K","0.01%"
"07/07/2022","52.0297","52.1679","52.2898","52.1419","1.11K","0.02%"
"07/06/2022","52.0203","52.1648","52.2804","52.1419","1.08K","0.01%"
"07/05/2022","52.0141","52.1599","52.2742","52.1388","1.06K","0.02%"
"07/04/2022","52.0042","52.1575","52.1599","52.1575","1.11K","0.01%"
"07/01/2022","51.9995","52.1547","52.2595","52.1547","0.80K","0.01%"
"06/30/2022","51.9938","52.1464","52.1547","52.1464","1.03K","0.03%"
"06/29/2022","51.9772","52.1352","52.2371","52.1203","0.97K","0.04%"
"06/28/2022","51.9548","52.1271","52.2537","52.1271","1.03K","0.03%"
"06/27/2022","51.9387","52.0965","52.3138","51.8957","0.61K","0.04%"
"06/24/2022","51.9169","52.1076","52.1765","51.9100","0.56K","0.03%"
"06/23/2022","51.8997","52.0965","52.2773","51.8857","0.58K","0.04%"
"06/22/2022","51.8774","52.0882","52.1368","51.8936","0.90K","0.03%"
"06/21/2022","51.8608","52.0775","52.1201","51.8786","1.09K","0.04%"
"06/20/2022","51.8396","52.0698","52.0988","52.0698","0.66K","0.03%"
"06/17/2022","51.8240","52.0586","52.0831","51.8200","0.54K","0.04%"
"06/16/2022","51.8017","52.0504","52.0662","51.8499","0.95K","0.03%"
"06/15/2022","51.7852","52.0392","52.0530","52.0182","1.03K","0.04%"
"06/14/2022","51.7629","52.0307","52.0444","51.9873","1.07K","0.03%"
"06/13/2022","51.7458","52.0195","52.0337","51.7528","0.58K","0.04%"
"06/10/2022","51.7235","52.0113","52.0195","51.7200","0.55K","0.03%"
"06/09/2022","51.7072","52.0005","52.0140","51.7000","0.52K","0.04%"
"06/08/2022","51.6855","51.9920","52.0005","51.9354","0.60K","0.03%"
"06/07/2022","51.6684","51.9809","51.9920","51.6600","0.74K","0.04%"
"06/06/2022","51.6462","51.9729","51.9860","51.6400","0.49K","0.03%"
"06/03/2022","51.6302","51.9620","52.0510","51.8775","1.05K","0.04%"
"06/02/2022","51.6085","51.9525","52.0326","51.6000","1.05K","0.04%"
"06/01/2022","51.5895","51.9417","51.9551","51.5800","1.03K","0.04%"
"05/31/2022","51.5678","51.9367","51.9442","51.5600","0.77K","0.02%"
"05/30/2022","51.5580","51.9339","51.9367","51.8101","0.46K","0.01%"
"05/27/2022","51.5523","51.9287","51.9365","51.5500","0.63K","-0.72%"
"05/26/2022","51.9287","51.9257","51.9339","51.5395","1.05K","0.01%"
"05/25/2022","51.9257","51.9200","51.9282","51.5150","1.09K","0.01%"
"05/24/2022","51.9200","51.9164","51.9226","51.5200","1.12K","0.01%"
"05/23/2022","51.9164","51.9115","51.9382","51.7491","0.75K","0.01%"
"05/20/2022","51.9115","51.9086","51.9575","51.5100","0.90K","0.01%"
"05/19/2022","51.9086","51.9033","51.9113","51.5000","0.93K","0.01%"
"05/18/2022","51.9033","51.8998","51.9386","51.7227","1.12K","0.01%"
"05/17/2022","51.8998","51.8946","51.9395","51.5000","0.75K","0.01%"
"05/16/2022","51.8946","51.7312","51.9574","51.4900","0.22K","0.01%"
"05/13/2022","51.8915","51.8863","51.9119","51.5000","1.05K","0.01%"
"05/12/2022","51.8863","51.8832","51.8889","51.4250","1.07K","0.01%"
"05/11/2022","51.8832","51.8778","51.8858","51.4500","1.02K","0.01%"
"05/10/2022","51.8778","51.8743","51.8778","51.4500","1.07K","0.01%"
"05/09/2022","51.8743","51.8694","51.8769","51.4000","0.74K","0.01%"
"05/06/2022","51.8694","51.8661","51.8721","51.6515","0.54K","0.01%"
"05/05/2022","51.8661","51.8661","51.8661","51.4100","0.52K","0.00%"
"05/04/2022","51.8661","51.8610","51.8687","51.6394","0.68K","0.01%"
"05/03/2022","51.8610","51.8573","51.9357","51.3500","1.05K","0.01%"
"05/02/2022","51.8573","51.8573","51.8600","51.4000","0.45K","0.00%"
"04/29/2022","51.8573","51.8489","51.8652","51.6305","1.02K","0.02%"
"04/28/2022","51.8489","51.8363","51.8515","51.4000","1.02K","0.02%"
"04/27/2022","51.8363","51.8273","51.8424","51.6049","0.98K","0.02%"
"04/26/2022","51.8273","51.8155","51.8424","51.3300","0.58K","0.02%"
"04/25/2022","51.8155","51.8155","51.8155","51.2700","0.20K","1.01%"
"04/22/2022","51.2970","51.5224","51.5321","51.3000","1.01K","0.00%"
"04/21/2022","51.2970","51.5102","51.5251","51.3000","1.04K","0.05%"
"04/20/2022","51.2724","51.5017","51.5288","51.3000","1.03K","0.03%"
"04/19/2022","51.2555","51.4897","51.6439","51.2750","1.04K","0.05%"
"04/18/2022","51.2314","51.4804","51.6050","51.2500","0.64K","0.04%"
"04/15/2022","51.2130","51.4682","51.4804","51.2000","1.07K","0.05%"
"04/14/2022","51.1884","51.4592","51.4707","51.2300","1.07K","0.03%"
"04/13/2022","51.1705","51.4474","51.4618","51.2200","1.08K","0.05%"
"04/12/2022","51.1470","51.4388","51.5475","51.1500","0.80K","0.03%"
"04/11/2022","51.1296","51.4268","51.5410","51.1750","0.94K","0.05%"
"04/08/2022","51.1056","51.4183","51.5113","51.1796","1.01K","0.03%"
"04/07/2022","51.0887","51.4061","51.4209","51.1489","0.93K","0.05%"
"04/06/2022","51.0642","51.3984","51.4086","51.0989","0.88K","0.03%"
"04/05/2022","51.0489","51.3867","51.4035","51.2669","1.04K","0.05%"
"04/04/2022","51.0254","51.3785","51.3893","51.0750","0.53K","0.03%"
"04/01/2022","51.0091","51.3673","51.3811","51.2132","0.52K","0.04%"
"03/31/2022","50.9867","51.3615","51.3673","51.0100","0.71K","-0.73%"
"03/30/2022","51.3615","51.3581","51.3615","51.0000","1.05K","0.01%"
"03/29/2022","51.3581","51.3530","51.3581","51.2180","1.05K","0.01%"
"03/28/2022","51.3530","51.3494","51.3556","50.9750","0.61K","0.01%"
"03/25/2022","51.3494","51.3438","51.3521","50.9544","0.53K","0.01%"
"03/24/2022","51.3438","51.3400","51.3465","50.9818","0.80K","0.01%"
"03/23/2022","51.3400","51.3341","51.3400","50.9500","1.07K","0.01%"
"03/22/2022","51.3341","51.3306","51.3341","50.9000","1.08K","0.01%"
"03/21/2022","51.3306","51.3245","51.3306","50.9000","0.49K","0.01%"
"03/18/2022","51.3245","51.3207","51.3245","50.9000","1.07K","0.01%"
"03/17/2022","51.3207","51.3151","51.3233","51.1225","1.07K","0.01%"
"03/16/2022","51.3151","51.3112","51.3151","50.8800","1.05K","0.01%"
"03/15/2022","51.3112","51.3054","51.4160","50.9000","0.71K","0.01%"
"03/14/2022","51.3054","51.3018","51.4160","50.8750","0.57K","0.01%"
"03/11/2022","51.3018","51.2955","51.3045","50.8712","1.05K","0.01%"
"03/10/2022","51.2955","51.2920","51.2981","50.8500","1.04K","0.01%"
"03/09/2022","51.2920","51.2861","51.2946","51.0589","1.08K","0.01%"
"03/08/2022","51.2861","51.2823","51.2887","50.8500","1.07K","0.01%"
"03/07/2022","51.2823","51.0708","51.2823","50.8500","0.29K","0.01%"
"03/04/2022","51.2762","51.2727","51.2892","50.8500","1.01K","0.01%"
"03/03/2022","51.2727","51.2675","51.2769","50.7800","1.03K","0.01%"
"03/02/2022","51.2675","51.2675","51.3009","50.8000","0.79K","0.00%"
"03/01/2022","51.2675","51.2635","51.3050","50.8000","0.51K","0.01%"
"02/28/2022","51.2635","51.2573","51.2762","51.0267","0.79K","0.01%"
"02/25/2022","51.2573","51.2537","51.2573","50.8100","0.51K","0.01%"
"02/24/2022","51.2537","51.2479","51.3161","50.8000","0.55K","0.01%"
"02/23/2022","51.2479","50.8697","51.2479","50.6500","0.48K","1.00%"
"02/22/2022","50.7393","50.8418","50.8722","50.6000","0.55K","0.11%"
"02/21/2022","50.6835","50.8093","50.8418","50.8093","0.52K","0.13%"
"02/18/2022","50.6187","50.7821","51.0158","50.7821","0.39K","0.11%"
"02/17/2022","50.5641","50.7500","50.8169","50.5475","0.83K","0.13%"
"02/16/2022","50.5000","50.7225","50.7525","50.5225","0.63K","0.11%"
"02/15/2022","50.4450","50.6900","50.7276","50.6721","0.50K","0.13%"
"02/14/2022","50.3800","50.5717","50.6926","50.3217","0.48K","0.11%"
"02/11/2022","50.3236","50.6301","50.7467","50.3261","0.53K","0.13%"
"02/10/2022","50.2603","50.6035","50.6301","50.2750","0.51K","-0.68%"
"02/09/2022","50.6035","50.5717","50.6371","50.2216","0.60K","0.06%"
"02/08/2022","50.5717","50.5452","50.5768","50.1450","1.04K","0.05%"
"02/07/2022","50.5452","50.5136","50.5477","50.1337","0.37K","0.06%"
"02/04/2022","50.5136","50.5136","50.5136","50.1000","0.52K","1.23%"
"02/03/2022","49.9000","50.2247","50.3172","49.9426","0.01K","0.23%"
"02/02/2022","49.7853","49.8820","50.2859","49.8255","0.21K","-0.15%"
"02/01/2022","49.8615","49.8503","50.1108","49.8503","0.56K","0.13%"
"01/31/2022","49.7983","49.8354","50.0473","49.8000","0.52K","0.06%"
"01/28/2022","49.7684","49.8180","49.8379","49.7500","0.52K","0.07%"
"01/27/2022","49.7336","49.8033","49.9823","49.7500","0.54K","0.06%"
"01/26/2022","49.7043","49.7857","49.9528","49.7500","0.52K","0.07%"
"01/25/2022","49.6690","49.7706","49.9936","49.6946","0.48K","0.06%"
"01/24/2022","49.6388","49.7524","49.8870","49.6300","0.47K","0.07%"
"01/21/2022","49.6025","49.7376","49.8505","49.6000","0.55K","0.06%"
"01/20/2022","49.5728","49.7205","49.8206","49.6000","0.53K","0.07%"
"01/19/2022","49.5386","49.7205","49.7230","49.6000","0.51K","0.00%"
"01/18/2022","49.5386","49.7063","49.7863","49.5723","0.52K","0.06%"
"01/17/2022","49.5103","49.7063","49.7579","49.7063","0.04K","0.07%"
"01/14/2022","49.4752","49.6742","49.7226","49.5000","0.53K","0.06%"
"01/13/2022","49.4460","49.6570","49.6932","49.4500","0.54K","0.07%"
"01/12/2022","49.4115","49.6244","49.6595","49.3750","0.53K","0.13%"
"01/11/2022","49.3463","49.6244","49.6443","49.3750","0.53K","0.00%"
"01/10/2022","49.3463","49.6101","49.6269","49.3968","0.36K","0.06%"
"01/07/2022","49.3177","49.6101","49.7108","49.5854","0.69K","0.00%"
"01/06/2022","49.3177","49.5928","49.7044","49.3000","1.08K","0.07%"
"01/05/2022","49.2832","49.5783","49.5980","49.3357","1.06K","0.06%"
"01/04/2022","49.2541","49.5616","49.5807","49.3358","1.08K","0.07%"
"01/03/2022","49.2207","49.5480","49.6054","49.4422","0.65K","0.06%"
"12/31/2021","49.1936","49.5171","49.6054","49.4086","1.03K","-0.65%"
"12/30/2021","49.5171","49.4913","49.5536","49.1500","0.57K","0.05%"
"12/29/2021","49.4913","49.4602","49.6017","49.1500","0.60K","0.06%"
"12/28/2021","49.4602","49.4337","49.4627","49.0500","1.14K","0.05%"
"12/27/2021","49.4337","49.4024","49.4362","48.9000","0.61K","0.06%"
"12/24/2021","49.4024","48.9465","49.4024","48.9000","0.87K","1.14%"
"12/23/2021","48.8443","48.9159","49.0885","48.8500","0.52K","0.13%"
"12/22/2021","48.7829","48.8893","49.0268","48.8405","0.55K","0.11%"
"12/21/2021","48.7297","48.8583","48.9142","48.7562","0.19K","0.13%"
"12/20/2021","48.6679","48.8307","48.8629","48.5750","0.58K","0.11%"
"12/17/2021","48.6125","48.8000","48.8331","48.5500","1.09K","0.13%"
"12/16/2021","48.5513","48.7739","48.8025","48.5500","1.00K","0.11%"
"12/15/2021","48.4990","48.7431","48.7763","48.3500","1.08K","0.13%"
"12/14/2021","48.4374","48.7175","48.7455","48.3700","0.81K","0.11%"
"12/13/2021","48.3862","48.6863","48.7200","48.3500","0.51K","-0.62%"
"12/10/2021","48.6863","48.6614","48.6912","48.3700","0.56K","0.05%"
"12/09/2021","48.6614","48.6315","48.6639","48.3500","0.83K","0.06%"
"12/08/2021","48.6315","48.6048","48.6340","48.2000","1.08K","0.06%"
"12/07/2021","48.6048","48.5745","48.6073","48.2500","1.03K","0.06%"
"12/06/2021","48.5745","48.5488","48.5770","48.1250","0.74K","0.05%"
"12/03/2021","48.5488","48.2832","48.5488","48.0706","1.07K","1.17%"
"12/02/2021","47.9893","48.2588","48.2856","47.9400","1.08K","0.10%"
"12/01/2021","47.9404","48.2281","48.2612","47.9000","1.09K","0.13%"
"11/30/2021","47.8791","48.2123","48.2305","48.0787","0.72K","-0.69%"
"11/29/2021","48.2123","48.1963","48.2590","48.1884","0.51K","0.03%"
"11/26/2021","48.1963","48.1832","48.2163","47.9867","1.08K","0.03%"
"11/25/2021","48.1832","48.1676","48.1832","47.9970","1.11K","0.03%"
"11/24/2021","48.1676","48.1540","48.1701","47.9594","0.74K","0.03%"
"11/23/2021","48.1540","48.1376","48.1565","48.1138","0.67K","0.03%"
"11/22/2021","48.1376","48.1237","48.1474","47.8988","0.50K","0.03%"
"11/19/2021","48.1237","48.1076","48.1262","48.0999","0.99K","0.03%"
"11/18/2021","48.1076","48.0935","48.1100","47.8382","1.03K","0.03%"
"11/17/2021","48.0935","48.0771","48.0935","47.8150","0.79K","0.03%"
"11/16/2021","48.0771","47.6051","48.1544","47.6051","0.76K","1.11%"
"11/15/2021","47.5510","47.5897","47.6051","47.5897","0.96K","0.07%"
"11/12/2021","47.5201","47.5761","47.7440","47.5360","0.92K","0.06%"
"11/11/2021","47.4930","47.5598","47.7140","47.5598","1.13K","0.07%"
"11/10/2021","47.4603","47.5456","47.5622","47.2500","1.14K","0.06%"
"11/09/2021","47.4318","47.5294","47.6689","47.2500","0.69K","0.07%"
"11/08/2021","47.3996","47.5154","47.6473","47.2500","1.22K","0.06%"
"11/05/2021","47.3716","47.4994","47.5178","47.2600","0.54K","0.07%"
"11/04/2021","47.3394","47.4856","47.5622","47.2000","0.57K","0.06%"
"11/03/2021","47.3120","47.4691","47.5318","47.2500","0.55K","0.07%"
"11/02/2021","47.2789","47.4549","47.5821","47.2500","0.55K","0.06%"
"11/01/2021","47.2505","47.4389","47.5658","47.2299","0.39K","0.07%"
"10/29/2021","47.2184","47.4082","47.4412","47.3693","0.55K","0.13%"
"10/28/2021","47.1571","47.3820","47.4106","47.1000","0.54K","0.11%"
"10/27/2021","47.1048","47.3517","47.3844","47.2794","0.98K","0.13%"
"10/26/2021","47.0442","47.3259","47.3541","46.9500","0.68K","0.11%"
"10/25/2021","46.9925","47.2952","47.3283","46.9500","0.41K","-0.64%"
"10/22/2021","47.2952","47.2699","47.2976","46.9100","0.83K","0.05%"
"10/21/2021","47.2699","47.2398","47.2723","46.8868","0.62K","0.06%"
"10/20/2021","47.2398","47.2141","47.2422","46.8500","0.64K","0.05%"
"10/19/2021","47.2141","47.1842","47.2380","46.6250","0.75K","0.06%"
"10/18/2021","47.1842","47.1842","47.1866","46.6500","0.33K","0.00%"
"10/15/2021","47.1842","47.1593","47.1842","46.6250","0.56K","0.05%"
"10/14/2021","47.1593","46.6001","47.1593","46.5535","0.55K","1.20%"
"10/13/2021","46.5991","46.5741","46.6996","46.5005","0.39K","0.11%"
"10/12/2021","46.5470","46.5438","46.7798","46.4716","0.55K","0.13%"
"10/11/2021","46.4866","46.5181","46.7191","46.5181","0.46K","0.11%"
"10/08/2021","46.4350","46.4891","46.6379","46.4655","0.54K","0.13%"
"10/07/2021","46.3770","46.4587","46.4937","46.4426","0.56K","0.13%"
"10/06/2021","46.3163","46.4342","46.5479","46.3500","0.56K","0.11%"
"10/05/2021","46.2673","46.4044","46.4686","46.3374","0.52K","0.45%"
"10/04/2021","46.0600","46.3809","46.4356","46.2600","0.31K","-0.22%"
"10/01/2021","46.1606","46.3509","46.3871","46.3347","0.61K","0.13%"
"09/30/2021","46.1007","46.3377","46.3555","46.1500","0.54K","0.06%"
"09/29/2021","46.0744","46.3218","46.3424","46.1000","0.56K","0.07%"
"09/28/2021","46.0426","46.3086","46.3265","46.1003","0.54K","0.06%"
"09/27/2021","46.0160","46.3086","46.3178","46.0161","0.50K","0.00%"
"09/24/2021","46.0160","46.2922","46.3132","46.1120","1.13K","0.07%"
"09/23/2021","45.9833","46.2791","46.3015","46.0300","1.08K","0.06%"
"09/22/2021","45.9571","46.2635","46.4103","46.0000","0.91K","0.07%"
"09/21/2021","45.9259","46.2500","46.3740","45.9250","1.23K","-0.70%"
"09/20/2021","46.2500","46.2351","46.3705","46.0824","0.77K","0.03%"
"09/17/2021","46.2351","46.2213","46.2397","46.0525","1.15K","0.03%"
"09/16/2021","46.2213","46.2046","46.2262","45.8250","0.99K","0.04%"
"09/15/2021","46.2046","46.1913","46.2138","45.7675","1.13K","0.03%"
"09/14/2021","46.1913","46.1753","46.1959","45.9646","1.09K","0.03%"
"09/13/2021","46.1753","46.1618","46.1800","45.8290","0.63K","0.03%"
"09/10/2021","46.1618","46.1460","46.1665","46.1161","1.10K","0.03%"
"09/09/2021","46.1460","46.1324","46.1460","46.1324","0.82K","0.03%"
"09/08/2021","46.1324","46.1161","46.1324","45.8757","0.82K","0.04%"
"09/07/2021","46.1161","46.1011","46.1161","45.6704","0.85K","0.03%"
"09/06/2021","46.1011","45.7246","46.1011","45.7246","0.35K","1.17%"
"09/03/2021","45.5692","45.7114","45.7971","45.7114","1.08K","0.06%"
"09/02/2021","45.5428","45.6950","45.7705","45.6659","0.78K","0.07%"
"09/01/2021","45.5100","45.6814","45.7618","45.6495","1.04K","0.06%"
"08/31/2021","45.4827","45.6516","45.7101","45.6358","1.12K","0.13%"
"08/30/2021","45.4232","45.6271","45.6562","45.5802","0.75K","0.11%"
"08/27/2021","45.3742","45.5985","45.6363","45.4909","1.04K","0.13%"
"08/26/2021","45.3171","45.5737","45.6031","45.2600","1.05K","0.11%"
"08/25/2021","45.2673","45.5436","45.5783","45.2250","1.07K","0.13%"
"08/24/2021","45.2072","45.5167","45.5482","45.3881","1.11K","-0.68%"
"08/23/2021","45.5167","45.4872","45.5259","45.2000","0.62K","0.06%"
"08/20/2021","45.4872","45.4628","45.4918","45.1500","0.94K","0.05%"
"08/19/2021","45.4628","45.4345","45.4674","45.1195","1.11K","0.06%"
"08/18/2021","45.4345","45.1450","45.4391","44.9500","1.00K","1.10%"
"08/17/2021","44.9400","45.1158","45.1544","44.9000","1.15K","0.13%"
"08/16/2021","44.8817","45.0881","45.1204","44.8500","0.64K","0.12%"
"08/13/2021","44.8261","45.0628","45.0926","44.9799","0.57K","0.11%"
"08/12/2021","44.7755","45.0391","45.0718","44.9733","0.59K","0.11%"
"08/11/2021","44.7281","45.0093","45.0391","44.6359","0.24K","-0.62%"
"08/10/2021","45.0093","44.9868","45.0139","44.8474","0.88K","0.05%"
"08/09/2021","44.9868","44.9349","45.0333","44.7503","0.64K","0.12%"
"08/06/2021","44.9349","44.9349","44.9874","44.9349","0.22K","0.00%"
"08/05/2021","44.9349","44.9056","44.9394","44.3152","0.45K","0.07%"
"08/04/2021","44.9056","44.4422","44.9056","44.4422","0.55K","1.12%"
"08/03/2021","44.4074","44.4196","44.4422","44.4196","0.87K","0.10%"
"08/02/2021","44.3622","44.3908","44.4196","44.3908","0.42K","0.13%"
"07/30/2021","44.3046","44.3746","44.4037","44.3022","0.52K","0.07%"
"07/29/2021","44.2723","44.3613","44.4041","44.3171","0.82K","0.06%"
"07/28/2021","44.2457","44.3447","44.3657","44.2534","0.33K","0.08%"
"07/27/2021","44.2125","44.3317","44.4336","44.2500","0.70K","0.06%"
"07/26/2021","44.1865","44.3160","44.3317","44.2100","0.61K","0.07%"
"07/23/2021","44.1551","44.3026","44.3316","44.2000","0.78K","0.06%"
"07/22/2021","44.1282","44.2864","44.3070","43.9724","0.89K","0.07%"
"07/21/2021","44.0960","44.2732","44.2864","44.1000","0.76K","0.06%"
"07/20/2021","44.0695","44.2732","44.2732","44.1000","0.91K","0.00%"
"07/19/2021","44.0695","44.2567","44.2732","44.0500","1.11K","0.07%"
"07/16/2021","44.0365","44.0148","44.2567","43.9879","1.13K","0.07%"
"07/15/2021","44.0044","44.0018","44.1973","43.9626","0.65K","0.06%"
"07/14/2021","43.9784","43.9879","44.0692","43.9126","0.95K","0.06%"
"07/13/2021","43.9507","43.9749","44.0554","43.9126","1.09K","0.06%"
"07/12/2021","43.9248","43.9591","44.0163","43.9310","0.59K","0.07%"